# Host: 120.79.143.99  (Version 5.6.38)
# Date: 2018-01-19 10:27:35
# Generator: MySQL-Front 6.0  (Build 2.20)


#
# Structure for table "address_book"
#

DROP TABLE IF EXISTS `address_book`;
CREATE TABLE `address_book` (
  `abid` int(11) NOT NULL AUTO_INCREMENT,
  `mobile` varchar(50) NOT NULL,
  `name` varchar(20) NOT NULL,
  `groupid` int(11) NOT NULL,
  `uid` varchar(20) NOT NULL,
  `ak` varchar(40) NOT NULL,
  PRIMARY KEY (`abid`,`ak`)
) ENGINE=MyISAM AUTO_INCREMENT=16 DEFAULT CHARSET=utf8;

#
# Data for table "address_book"
#

/*!40000 ALTER TABLE `address_book` DISABLE KEYS */;
INSERT INTO `address_book` VALUES (1,'admin','邹愉欣',0,'lqq',''),(2,'zhc','赵翰超',0,'lqq',''),(3,'lqq','罗棋棋',0,'admin','');
/*!40000 ALTER TABLE `address_book` ENABLE KEYS */;

#
# Structure for table "api_key"
#

DROP TABLE IF EXISTS `api_key`;
CREATE TABLE `api_key` (
  `ak` varchar(40) CHARACTER SET utf8 NOT NULL DEFAULT '',
  `userid` varchar(20) CHARACTER SET utf8 NOT NULL DEFAULT '',
  `sha1` varchar(255) CHARACTER SET utf8 NOT NULL DEFAULT '',
  `sha1_dev` varchar(255) CHARACTER SET utf8 DEFAULT NULL,
  `package` varchar(255) CHARACTER SET utf8 NOT NULL DEFAULT '',
  `statu` int(11) NOT NULL DEFAULT '0',
  `content` text CHARACTER SET utf8,
  `appid` int(11) NOT NULL AUTO_INCREMENT,
  `name` varchar(255) DEFAULT NULL,
  PRIMARY KEY (`appid`)
) ENGINE=InnoDB AUTO_INCREMENT=5 DEFAULT CHARSET=latin1;

#
# Data for table "api_key"
#

INSERT INTO `api_key` VALUES ('E1A450623DA02DA050DD795FF9E8CEAE','lqq','ffff','bb','cccc',0,'hhhh',1,'hhh'),('6D51DC792FC114AD763C86DAFCC54AB4','lqq','EB:21:38:29:A8:BC:E6:AF:33:8C:48:43:14:09:F1:D6:10:A3:F6:E2','dszcx','c',-1,'vvvggggg',2,'www'),('4F839225F3038C22B3CE42B44E04194D','admin','EB:21:38:29:A8:BC:E6:AF:33:8C:48:43:14:09:F1:D6:10:A3:F6:E2','AB:12:1D:4C:B9:5E:AC:80:E2:F3:AA:86:1A:F7:54:70:A0:2D:83:57','com.fivestar.superclass',1,'test',3,'weichat'),('D3647452C4323156D9A51D432AF56B19','zhc','','','',0,'',4,'');

#
# Structure for table "area"
#

DROP TABLE IF EXISTS `area`;
CREATE TABLE `area` (
  `id` int(11) NOT NULL AUTO_INCREMENT,
  `title` varchar(100) NOT NULL,
  PRIMARY KEY (`id`)
) ENGINE=MyISAM AUTO_INCREMENT=36 DEFAULT CHARSET=utf8;

#
# Data for table "area"
#

/*!40000 ALTER TABLE `area` DISABLE KEYS */;
INSERT INTO `area` VALUES (1,'其他'),(2,'北京'),(3,'重庆'),(4,'福建'),(5,'甘肃'),(6,'广东'),(7,'广西'),(8,'贵州'),(9,'海南'),(10,'河北'),(11,'黑龙江'),(12,'河南'),(13,'香港'),(14,'湖北'),(15,'湖南'),(16,'江苏'),(17,'江西'),(18,'吉林'),(19,'辽宁'),(20,'澳门'),(21,'内蒙古'),(22,'宁夏'),(23,'青海'),(24,'山东'),(25,'上海'),(26,'山西'),(27,'陕西'),(28,'四川'),(29,'台湾'),(30,'天津'),(31,'新疆'),(32,'西藏'),(33,'云南'),(34,'浙江'),(35,'安徽');
/*!40000 ALTER TABLE `area` ENABLE KEYS */;

#
# Structure for table "areaplus"
#

DROP TABLE IF EXISTS `areaplus`;
CREATE TABLE `areaplus` (
  `id` int(11) NOT NULL AUTO_INCREMENT,
  `upid` int(11) NOT NULL,
  `title` varchar(100) NOT NULL,
  PRIMARY KEY (`id`)
) ENGINE=MyISAM AUTO_INCREMENT=427 DEFAULT CHARSET=utf8;

#
# Data for table "areaplus"
#

/*!40000 ALTER TABLE `areaplus` DISABLE KEYS */;
INSERT INTO `areaplus` VALUES (1,1,'其他'),(2,35,'合肥'),(3,35,'安庆'),(4,35,'蚌埠'),(5,35,'亳州'),(6,35,'巢湖'),(7,35,'滁州'),(8,35,'阜阳'),(9,35,'贵池'),(10,35,'淮北'),(11,35,'淮化'),(12,35,'淮南'),(13,35,'黄山'),(14,35,'九华山'),(15,35,'六安'),(16,35,'马鞍山'),(17,35,'宿州'),(18,35,'铜陵'),(19,35,'屯溪'),(20,35,'芜湖'),(21,35,'宣城'),(22,2,'北京'),(23,3,'重庆'),(24,4,'福州'),(25,4,'福安'),(26,4,'龙岩'),(27,4,'南平'),(28,4,'宁德'),(29,4,'莆田'),(30,4,'泉州'),(31,4,'三明'),(32,4,'邵武'),(33,4,'石狮'),(34,4,'永安'),(35,4,'武夷山'),(36,4,'厦门'),(37,4,'漳州'),(38,5,'兰州'),(39,5,'白银'),(40,5,'定西'),(41,5,'敦煌'),(42,5,'甘南'),(43,5,'金昌'),(44,5,'酒泉'),(45,5,'临夏'),(46,5,'平凉'),(47,5,'天水'),(48,5,'武都'),(49,5,'武威'),(50,5,'西峰'),(51,5,'张掖'),(52,6,'广州'),(53,6,'潮阳'),(54,6,'潮州'),(55,6,'澄海'),(56,6,'东莞'),(57,6,'佛山'),(58,6,'河源'),(59,6,'惠州'),(60,6,'江门'),(61,6,'揭阳'),(62,6,'开平'),(63,6,'茂名'),(64,6,'梅州'),(65,6,'清远'),(66,6,'汕头'),(67,6,'汕尾'),(68,6,'韶关'),(69,6,'深圳'),(70,6,'顺德'),(71,6,'阳江'),(72,6,'英德'),(73,6,'云浮'),(74,6,'增城'),(75,6,'湛江'),(76,6,'肇庆'),(77,6,'中山'),(78,6,'珠海'),(79,7,'南宁'),(80,7,'百色'),(81,7,'北海'),(82,7,'桂林'),(83,7,'防城港'),(84,7,'河池'),(85,7,'贺州'),(86,7,'柳州'),(87,7,'钦州'),(88,7,'梧州'),(89,7,'玉林'),(90,8,'贵阳'),(91,8,'安顺'),(92,8,'毕节'),(93,8,'都匀'),(94,8,'凯里'),(95,8,'六盘水'),(96,8,'铜仁'),(97,8,'兴义'),(98,8,'玉屏'),(99,8,'遵义'),(100,9,'海口'),(101,9,'儋县'),(102,9,'陵水'),(103,9,'琼海'),(104,9,'三亚'),(105,9,'五指山'),(106,9,'万宁'),(107,10,'石家庄'),(108,10,'保定'),(109,10,'北戴河'),(110,10,'沧州'),(111,10,'承德'),(112,10,'丰润'),(113,10,'邯郸'),(114,10,'衡水'),(115,10,'廊坊'),(116,10,'南戴河'),(117,10,'秦皇岛'),(118,10,'唐山'),(119,10,'新城'),(120,10,'邢台'),(121,10,'张家口'),(122,11,'哈尔滨'),(123,11,'北安'),(124,11,'大庆'),(125,11,'大兴安岭'),(126,11,'鹤岗'),(127,11,'黑河'),(128,11,'佳木斯'),(129,11,'鸡西'),(130,11,'牡丹江'),(131,11,'齐齐哈尔'),(132,11,'七台河'),(133,11,'双鸭山'),(134,11,'绥化'),(135,11,'伊春'),(136,12,'郑州'),(137,12,'安阳'),(138,12,'鹤壁'),(139,12,'潢川'),(140,12,'焦作'),(141,12,'济源'),(142,12,'开封'),(143,12,'漯河'),(144,12,'洛阳'),(145,12,'南阳'),(146,12,'平顶山'),(147,12,'濮阳'),(148,12,'三门峡'),(149,12,'商丘'),(150,12,'新乡'),(151,12,'信阳'),(152,12,'许昌'),(153,12,'周口'),(154,12,'驻马店'),(155,13,'香港'),(156,13,'九龙'),(157,13,'新界'),(158,14,'武汉'),(159,14,'恩施'),(160,14,'鄂州'),(161,14,'黄冈'),(162,14,'黄石'),(163,14,'荆门'),(164,14,'荆州'),(165,14,'潜江'),(166,14,'十堰'),(167,14,'随州'),(168,14,'武穴'),(169,14,'仙桃'),(170,14,'咸宁'),(171,14,'襄阳'),(172,14,'襄樊'),(173,14,'孝感'),(174,14,'宜昌'),(175,15,'长沙'),(176,15,'常德'),(177,15,'郴州'),(178,15,'衡阳'),(179,15,'怀化'),(180,15,'吉首'),(181,15,'娄底'),(182,15,'邵阳'),(183,15,'湘潭'),(184,15,'益阳'),(185,15,'岳阳'),(186,15,'永州'),(187,15,'张家界'),(188,15,'株洲'),(189,16,'南京'),(190,16,'常熟'),(191,16,'常州'),(192,16,'海门'),(193,16,'淮安'),(194,16,'江都'),(195,16,'江阴'),(196,16,'昆山'),(197,16,'连云港'),(198,16,'南通'),(199,16,'启东'),(200,16,'沭阳'),(201,16,'宿迁'),(202,16,'苏州'),(203,16,'太仓'),(204,16,'泰州'),(205,16,'同里'),(206,16,'无锡'),(207,16,'徐州'),(208,16,'盐城'),(209,16,'扬州'),(210,16,'宜兴'),(211,16,'仪征'),(212,16,'张家港'),(213,16,'镇江'),(214,16,'周庄'),(215,17,'南昌'),(216,17,'抚州'),(217,17,'赣州'),(218,17,'吉安'),(219,17,'景德镇'),(220,17,'井冈山'),(221,17,'九江'),(222,17,'庐山'),(223,17,'萍乡'),(224,17,'上饶'),(225,17,'新余'),(226,17,'宜春'),(227,17,'鹰潭'),(228,18,'长春'),(229,18,'白城'),(230,18,'白山'),(231,18,'珲春'),(232,18,'辽源'),(233,18,'梅河'),(234,18,'吉林'),(235,18,'四平'),(236,18,'松原'),(237,18,'通化'),(238,18,'延吉'),(239,19,'沈阳'),(240,19,'鞍山'),(241,19,'本溪'),(242,19,'朝阳'),(243,19,'大连'),(244,19,'丹东'),(245,19,'抚顺'),(246,19,'阜新'),(247,19,'葫芦岛'),(248,19,'锦州'),(249,19,'辽阳'),(250,19,'盘锦'),(251,19,'铁岭'),(252,19,'营口'),(253,20,'澳门'),(254,21,'呼和浩特'),(255,21,'阿拉善盟'),(256,21,'包头'),(257,21,'赤峰'),(258,21,'东胜'),(259,21,'海拉尔'),(260,21,'集宁'),(261,21,'临河'),(262,21,'通辽'),(263,21,'乌海'),(264,21,'乌兰浩特'),(265,21,'锡林浩特'),(266,22,'银川'),(267,22,'固原'),(268,22,'石嘴山'),(269,22,'吴忠'),(270,23,'西宁'),(271,23,'德令哈'),(272,23,'格尔木'),(273,23,'共和'),(274,23,'海东'),(275,23,'海晏'),(276,23,'玛沁'),(277,23,'同仁'),(278,23,'玉树'),(279,24,'济南'),(280,24,'滨州'),(281,24,'兖州'),(282,24,'德州'),(283,24,'东营'),(284,24,'菏泽'),(285,24,'济宁'),(286,24,'莱芜'),(287,24,'聊城'),(288,24,'临沂'),(289,24,'蓬莱'),(290,24,'青岛'),(291,24,'曲阜'),(292,24,'日照'),(293,24,'泰安'),(294,24,'潍坊'),(295,24,'威海'),(296,24,'烟台'),(297,24,'枣庄'),(298,24,'淄博'),(299,25,'上海'),(300,25,'崇明'),(301,25,'朱家角'),(302,26,'太原'),(303,26,'长治'),(304,26,'大同'),(305,26,'候马'),(306,26,'晋城'),(307,26,'离石'),(308,26,'临汾'),(309,26,'宁武'),(310,26,'朔州'),(311,26,'忻州'),(312,26,'阳泉'),(313,26,'榆次'),(314,26,'运城'),(315,27,'西安'),(316,27,'安康'),(317,27,'宝鸡'),(318,27,'汉中'),(319,27,'渭南'),(320,27,'商州'),(321,27,'绥德'),(322,27,'铜川'),(323,27,'咸阳'),(324,27,'延安'),(325,27,'榆林'),(326,28,'成都'),(327,28,'巴中'),(328,28,'达州'),(329,28,'德阳'),(330,28,'都江堰'),(331,28,'峨眉山'),(332,28,'涪陵'),(333,28,'广安'),(334,28,'广元'),(335,28,'九寨沟'),(336,28,'康定'),(337,28,'乐山'),(338,28,'泸州'),(339,28,'马尔康'),(340,28,'绵阳'),(341,28,'眉山'),(342,28,'南充'),(343,28,'内江'),(344,28,'攀枝花'),(345,28,'遂宁'),(346,28,'汶川'),(347,28,'西昌'),(348,28,'雅安'),(349,28,'宜宾'),(350,28,'自贡'),(351,28,'资阳'),(352,29,'台北'),(353,29,'基隆'),(354,29,'台南'),(355,29,'台中'),(356,30,'天津'),(357,31,'乌鲁木齐'),(358,31,'阿克苏'),(359,31,'阿勒泰'),(360,31,'阿图什'),(361,31,'博乐'),(362,31,'昌吉'),(363,31,'东山'),(364,31,'哈密'),(365,31,'和田'),(366,31,'喀什'),(367,31,'克拉玛依'),(368,31,'库车'),(369,31,'库尔勒'),(370,31,'奎屯'),(371,31,'石河子'),(372,31,'塔城'),(373,31,'吐鲁番'),(374,31,'伊宁'),(375,32,'拉萨'),(376,32,'阿里'),(377,32,'昌都'),(378,32,'林芝'),(379,32,'那曲'),(380,32,'日喀则'),(381,32,'山南'),(382,33,'昆明'),(383,33,'大理'),(384,33,'保山'),(385,33,'楚雄'),(386,33,'东川'),(387,33,'个旧'),(388,33,'景洪'),(389,33,'开远'),(390,33,'临沧'),(391,33,'丽江'),(392,33,'六库'),(393,33,'潞西'),(394,33,'曲靖'),(395,33,'思茅'),(396,33,'文山'),(397,33,'西双版纳'),(398,33,'玉溪'),(399,33,'中甸'),(400,33,'昭通'),(401,34,'杭州'),(402,34,'安吉'),(403,34,'慈溪'),(404,34,'定海'),(405,34,'奉化'),(406,34,'海盐'),(407,34,'黄岩'),(408,34,'湖州'),(409,34,'嘉兴'),(410,34,'金华'),(411,34,'临安'),(412,34,'临海'),(413,34,'丽水'),(414,34,'宁波'),(415,34,'瓯海'),(416,34,'平湖'),(417,34,'千岛湖'),(418,34,'衢州'),(419,34,'江山'),(420,34,'瑞安'),(421,34,'绍兴'),(422,34,'嵊州'),(423,34,'台州'),(424,34,'温岭'),(425,34,'温州'),(426,34,'舟山');
/*!40000 ALTER TABLE `areaplus` ENABLE KEYS */;

#
# Structure for table "courses"
#

DROP TABLE IF EXISTS `courses`;
CREATE TABLE `courses` (
  `course_id` int(11) NOT NULL AUTO_INCREMENT,
  `date` int(11) NOT NULL DEFAULT '0',
  `number` int(11) NOT NULL DEFAULT '0',
  `year` varchar(255) NOT NULL DEFAULT '',
  `teacher_id` varchar(255) NOT NULL DEFAULT '',
  `course_content` text NOT NULL,
  PRIMARY KEY (`course_id`)
) ENGINE=InnoDB AUTO_INCREMENT=96 DEFAULT CHARSET=utf8;

#
# Data for table "courses"
#

INSERT INTO `courses` VALUES (1,1,1,'20170','0001948','艺术考察(讲授) [9周]1-4节 ；14本环境设计1班 餐厅设计(讲授) [10-14周]1-4节 影视楼7303-网络非线性编辑实验室 ；15本环境设计2班 人数：39'),(2,2,1,'20170','0001948','艺术考察(讲授) [9周]1-4节 ；14本环境设计1班 人数：35'),(3,3,1,'20170','0001948','艺术考察(讲授) [9周]1-4节 ；14本环境设计1班 家庭装修设计技巧(讲授) [10-16周]1-4节 影视楼7303-网络非线性编辑实验室 ；14本环境设计1班 人数：36'),(4,4,1,'20170','0001948','艺术考察(讲授) [9周]1-4节 ；14本环境设计1班 专业市场调研I(讲授) [10-12周]1-4节 ；15本环境设计2班 餐厅设计(讲授) [13-16周]1-4节 影视楼7303-网络非线性编辑实验室 ；15本环境设计2班 人数：39'),(5,5,1,'20170','0001948','艺术考察(讲授) [9周]1-4节 ；14本环境设计1班 人数：35'),(6,6,1,'20170','0001948','艺术考察(讲授) [9周]1-4节 ；14本环境设计1班 人数：35'),(7,7,1,'20170','0001948','艺术考察(讲授) [9周]1-4节 ；14本环境设计1班 人数：35'),(8,1,2,'20170','0001948','艺术考察(讲授) [9周]1-4节 ；14本环境设计1班 餐厅设计(讲授) [10-14周]1-4节 影视楼7303-网络非线性编辑实验室 ；15本环境设计2班 人数：39'),(9,2,2,'20170','0001948','艺术考察(讲授) [9周]1-4节 ；14本环境设计1班 人数：35'),(10,3,2,'20170','0001948','艺术考察(讲授) [9周]1-4节 ；14本环境设计1班 家庭装修设计技巧(讲授) [10-16周]1-4节 影视楼7303-网络非线性编辑实验室 ；14本环境设计1班 人数：36'),(11,4,2,'20170','0001948','艺术考察(讲授) [9周]1-4节 ；14本环境设计1班 专业市场调研I(讲授) [10-12周]1-4节 ；15本环境设计2班 餐厅设计(讲授) [13-16周]1-4节 影视楼7303-网络非线性编辑实验室 ；15本环境设计2班 人数：39'),(12,5,2,'20170','0001948','艺术考察(讲授) [9周]1-4节 ；14本环境设计1班 人数：35'),(13,6,2,'20170','0001948','艺术考察(讲授) [9周]1-4节 ；14本环境设计1班 人数：35'),(14,7,2,'20170','0001948','艺术考察(讲授) [9周]1-4节 ；14本环境设计1班 人数：35'),(15,1,3,'20170','0001948','餐厅设计(讲授) [10-14周]5-6节 影视楼7303-网络非线性编辑实验室 ；15本环境设计2班 艺术考察(讲授) [9周]5-8节 ；14本环境设计1班 人数：35'),(16,2,3,'20170','0001948','艺术考察(讲授) [9周]5-8节 ；14本环境设计1班 人数：35'),(17,3,3,'20170','0001948','家庭装修设计技巧(讲授) [10-16周]5-6节 影视楼7303-网络非线性编辑实验室 ；14本环境设计1班 艺术考察(讲授) [9周]5-8节 ；14本环境设计1班 人数：35'),(18,4,3,'20170','0001948','专业市场调研I(讲授) [10-12周]5-6节 ；15本环境设计2班 餐厅设计(讲授) [13-16周]5-6节 影视楼7303-网络非线性编辑实验室 ；15本环境设计2班 艺术考察(讲授) [9周]5-8节 ；14本环境设计1班 人数：35'),(19,5,3,'20170','0001948','艺术考察(讲授) [9周]5-8节 ；14本环境设计1班 家庭装修设计技巧(讲授) [14-16周]5-8节 影视楼7303-网络非线性编辑实验室 ；14本环境设计1班 人数：36'),(20,6,3,'20170','0001948','艺术考察(讲授) [9周]5-8节 ；14本环境设计1班 人数：35'),(21,7,3,'20170','0001948','艺术考察(讲授) [9周]5-6节 ；14本环境设计1班 人数：35'),(22,1,4,'20170','0001948','艺术考察(讲授) [9周]5-8节 ；14本环境设计1班 人数：35'),(23,2,4,'20170','0001948','艺术考察(讲授) [9周]5-8节 ；14本环境设计1班 人数：35'),(24,3,4,'20170','0001948','艺术考察(讲授) [9周]5-8节 ；14本环境设计1班 人数：35'),(25,4,4,'20170','0001948','艺术考察(讲授) [9周]5-8节 ；14本环境设计1班 人数：35'),(26,5,4,'20170','0001948','艺术考察(讲授) [9周]5-8节 ；14本环境设计1班 家庭装修设计技巧(讲授) [14-16周]5-8节 影视楼7303-网络非线性编辑实验室 ；14本环境设计1班 人数：36'),(27,6,4,'20170','0001948','艺术考察(讲授) [9周]5-8节 ；14本环境设计1班 人数：35'),(28,1,5,'20170','0001948','艺术考察(讲授) [9周]9-11节 ；14本环境设计1班 人数：35'),(29,2,5,'20170','0001948','艺术考察(讲授) [9周]9-11节 ；14本环境设计1班 人数：35'),(30,3,5,'20170','0001948','艺术考察(讲授) [9周]9-11节 ；14本环境设计1班 人数：35'),(31,4,5,'20170','0001948','艺术考察(讲授) [9周]9-11节 ；14本环境设计1班 人数：35'),(32,5,5,'20170','0001948','艺术考察(讲授) [9周]9-11节 ；14本环境设计1班 人数：35'),(33,6,5,'20170','0001948','艺术考察(讲授) [9周]9-11节 ；14本环境设计1班 人数：35'),(34,4,3,'20170','WP00161','体育I(体育) [4-17周]5-6节 婉兰楼前毽球场 人数：39'),(35,4,4,'20170','WP00161','体育I(体育) [4-17周]7-8节 婉兰楼前毽球场 人数：40'),(36,1,1,'20170','0001973','大学英语中级口语I(讲授) [1-17周]1-2节 2112 人数：22'),(37,2,1,'20170','0001973','大学英语中级口语I(讲授) [1-17周]1-2节 2112 人数：21'),(38,3,1,'20170','0001973','大学英语中级口语I(讲授) [1-17周]1-2节 2112 人数：20'),(39,4,1,'20170','0001973','大学英语中级口语I(讲授) [1-17周]1-2节 2112 人数：22'),(40,5,1,'20170','0001973','大学英语中级口语I(讲授) [1-17周]1-2节 2112 人数：22'),(41,1,2,'20170','0001973','大学英语中级口语I(讲授) [1-17周]3-4节 2112 人数：22'),(42,2,2,'20170','0001973','大学英语中级口语I(讲授) [1-17周]3-4节 2112 人数：21'),(43,3,2,'20170','0001973','大学英语中级口语I(讲授) [1-17周]3-4节 2112 人数：19'),(44,4,2,'20170','0001973','大学英语中级口语I(讲授) [1-17周]3-4节 2112 人数：19'),(45,5,2,'20170','0001973','大学英语中级口语I(讲授) [1-17周]3-4节 2112 人数：20'),(46,1,3,'20170','0001973','大学英语中级口语I(讲授) [1-17周]5-6节 2112 人数：22'),(47,3,1,'20170','0000817','法理学(讲授) [14周]1-3节 1500 ；17本法学1班 17本法学2班 17本法学3班 17本法学4班 人数：59'),(48,4,2,'20170','0000817','证据法(讲授) [1-17周]3-4节 1103 ；16本法学1班 16本法学3班 16本法学2班 16本法学4班 人数：60'),(49,5,2,'20170','0000817','外国法制史(讲授) [1-17周]3-4节 1108 ；14本法学1班 14本法学2班 14本法学3班 14本法学4班 14本法学5班 14本法学6班 14法学(专插本)1班 人数：24'),(50,4,3,'20170','0000817','外国法制史(讲授) [1-17周]5-6节 1103 ；14本法学1班 14本法学2班 14本法学3班 14本法学4班 14本法学5班 14本法学6班 14法学(专插本)1班 人数：52'),(51,3,4,'20170','0000817','证据法(讲授) [1-17周]7-8节 1103 ；16本法学1班 16本法学3班 16本法学2班 16本法学4班 人数：66'),(52,3,5,'20170','0000817','形势与政策1(讲授) [4,11周]9-11节 2108 形势与政策1(讲授) [5,12周]9-11节 2108 形势与政策1(讲授) [6,13周]9-11节 2108 形势与政策1(讲授) [7,14周]9-11节 2108 形势与政策1(讲授) [8,15周]9-11节 2108 形势与政策1(讲授) [9,16周]9-11节 2108 形势与政策1(讲授) [10,17周]9-11节 2108 人数：115'),(53,1,6,'20170','0000817','学分制培训(讲授) [12-13周]12-13节 ；15法学(专插本)1班 人数：22'),(54,2,1,'20170','0001968','大学英语课程口语I(讲授) [4-17周]1-2节 4119 人数：18'),(55,3,1,'20170','0001968','大学英语课程口语I(讲授) [4-17周]1-2节 4119 人数：20'),(56,5,1,'20170','0001968','大学英语课程口语I(讲授) [4-17周]1-2节 4119 人数：18'),(57,2,2,'20170','0001968','大学英语课程口语I(讲授) [4-17周]3-4节 4119 人数：20'),(58,3,2,'20170','0001968','大学英语课程口语I(讲授) [4-17周]3-4节 4119 人数：18'),(59,4,2,'20170','0001968','大学英语课程口语I(讲授) [4-17周]3-4节 4119 人数：22'),(60,5,2,'20170','0001968','大学英语课程口语I(讲授) [4-17周]3-4节 4119 人数：18'),(61,3,3,'20170','0001968','大学英语课程口语I(讲授) [4-17周]5-6节 4119 人数：20'),(62,5,3,'20170','0001968','大学英语课程口语I(讲授) [4-17周]5-6节 4119 人数：22'),(63,4,4,'20170','0001968','大学英语课程口语I(讲授) [4-17周]7-8节 4119 人数：20'),(64,2,1,'20170','0001465','商务英语口译I(讲授) [1-17周]1-2节 3605-外语专业语言实验室 ；15本商务英语1班 15本商务英语2班 15本商务英语3班 15本商务英语4班 15本商务英语5班 人数：22'),(65,5,1,'20170','0001465','英语语音(讲授) [4-17 双周]1-2节 3606-外语专业语言实验室 英语语音(讲授) [4-17 单周]1-2节 3606-外语专业语言实验室 人数：22'),(66,2,2,'20170','0001465','商务英语口译I(讲授) [1-17周]3-4节 3605-外语专业语言实验室 ；15本商务英语1班 15本商务英语2班 15本商务英语3班 15本商务英语4班 15本商务英语5班 人数：20'),(67,5,2,'20170','0001465','旅游酒店管理(讲授) [1-17周]3-4节 3112 人数：38'),(68,4,3,'20170','0001465','英语语音(讲授) [4-17 双周]5-6节 3602-外语专业语言实验室 英语语音(讲授) [4-17 单周]5-6节 3606-外语专业语言实验室 人数：15'),(69,4,4,'20170','0001465','旅游酒店管理(讲授) [1-17周]7-8节 3112 人数：44'),(70,1,6,'20170','0001465','学分制培训(讲授) [12-13周]12-13节 ；17本商务英语3班 人数：29'),(71,3,1,'20170','0000155','服务运营管理(讲授) [1-16周]1-3节 3414 ；15本工商管理1班 人数：54'),(72,1,3,'20170','0000155','管理学(讲授) [1-16周]5-7节 3414 ；16本市场营销2班 人数：52'),(73,3,3,'20170','0000155','服务运营管理(讲授) [1-16周]5-7节 3414 ；15本工商管理2班 人数：50'),(74,4,3,'20170','0000155','运营管理(讲授) [16周]5-7节 3301 ；15工商管理(专插本)1班 人数：65'),(75,5,3,'20170','0000155','运营管理(讲授) [1-15, 17周]5-7节 3414 ；15工商管理(专插本)1班 人数：65'),(76,1,6,'20170','0000155','学分制培训(讲授) [12-13周]12-13节 ；15（专插本）人力资源管理1班 人数：32'),(77,1,1,'20170','0001236','英语口语Ⅰ(讲授) [4-17周]1-2节 4320 ；17本商务英语6班 人数：16'),(78,2,1,'20170','0001236','英语口语Ⅰ(讲授) [4-17周]1-2节 4320 ；17本英语4班 人数：17'),(79,3,1,'20170','0001236','英语口语Ⅰ(讲授) [4-17周]1-2节 4320 ；17本商务英语5班 人数：16'),(80,4,1,'20170','0001236','英语口语Ⅰ(讲授) [4-17周]1-2节 4320 ；17本英语1班 人数：18'),(81,5,1,'20170','0001236','英语口语Ⅰ(讲授) [4-17周]1-2节 4320 ；17本商务英语4班 人数：16'),(82,1,2,'20170','0001236','英语口语Ⅰ(讲授) [4-17周]3-4节 4320 ；17本商务英语3班 人数：14'),(83,2,2,'20170','0001236','英语口语Ⅰ(讲授) [4-17周]3-4节 4320 ；17本商务英语1班 人数：17'),(84,3,2,'20170','0001236','英语口语Ⅰ(讲授) [4-17周]3-4节 4320 ；17本商务英语7班 人数：17'),(85,4,2,'20170','0001236','英语口语Ⅰ(讲授) [4-17周]3-4节 4320 ；17本英语2班 人数：18'),(86,5,2,'20170','0001236','英语口语Ⅰ(讲授) [4-17周]3-4节 4320 ；17本英语3班 人数：18'),(87,1,3,'20170','0001236','英语口语Ⅰ(讲授) [4-17周]5-6节 4320 ；17本商务英语2班 人数：16'),(88,3,3,'20170','0001236','英语口语Ⅰ(讲授) [4-17周]5-6节 4320 ；17本翻译1班 人数：20'),(89,1,4,'20170','0001236','大学英语口语I(讲授) [4-17周]7-8节 4320 人数：23'),(90,3,1,'20170','0001032','管理学(讲授) [1-17周]1-3节 3406 ；16本经济学1班 16本经济学2班 16本经济学3班 人数：64'),(91,4,1,'20170','0001032','管理学(讲授) [1-17周]1-3节 3406 ；16本会计学1班 16本会计学2班 16本会计学3班 16本会计学4班 16本财务管理1班 16本财务管理2班 16本财务管理3班 16本审计学1班 人数：62'),(92,1,3,'20170','0001032','管理学(讲授) [1-17周]5-7节 3406 ；16本会计学1班 16本会计学2班 16本会计学3班 16本会计学4班 16本财务管理1班 16本财务管理2班 16本财务管理3班 16本审计学1班 人数：61'),(93,4,3,'20170','0001032','公司管理制度制定实训(讲授) [1-17周]5-7节 3406 ；15本电子商务1班 15本电子商务2班 人数：61'),(94,4,3,'20170','WP00154','体育I(体育) [4-17周]5-6节 学生活动中心一楼 人数：41'),(95,4,4,'20170','WP00154','体育I(体育) [4-17周]7-8节 学生活动中心一楼 人数：38');

#
# Structure for table "developer"
#

DROP TABLE IF EXISTS `developer`;
CREATE TABLE `developer` (
  `userid` varchar(20) NOT NULL,
  `real_name` varchar(20) NOT NULL,
  `password` varchar(32) NOT NULL,
  `question` varchar(50) NOT NULL,
  `answer` varchar(50) NOT NULL,
  `sex` varchar(8) NOT NULL DEFAULT '',
  `mobile` varchar(50) NOT NULL,
  `email` varchar(50) NOT NULL,
  `last_login_date` datetime DEFAULT NULL,
  `post_date` datetime NOT NULL,
  `area_id` int(11) NOT NULL DEFAULT '1',
  `areaplus_id` int(11) NOT NULL DEFAULT '1',
  PRIMARY KEY (`userid`)
) ENGINE=MyISAM DEFAULT CHARSET=utf8;

#
# Data for table "developer"
#

/*!40000 ALTER TABLE `developer` DISABLE KEYS */;
INSERT INTO `developer` VALUES ('admin','邹愉欣','666','您初中班主任的名字','1234','男','123','123','2017-08-24 00:00:00','2017-07-05 00:00:00',3,0),('lqq','罗棋棋','123','你的生日','1234','女','123456','111111','2018-01-15 00:00:00','2017-07-05 00:00:00',3,0),('zhc','赵翰超','123456','null','null','男','null','null',NULL,'2017-11-10 00:00:00',5,0);
/*!40000 ALTER TABLE `developer` ENABLE KEYS */;

#
# Structure for table "message"
#

DROP TABLE IF EXISTS `message`;
CREATE TABLE `message` (
  `mid` int(11) NOT NULL AUTO_INCREMENT,
  `content` varchar(300) NOT NULL DEFAULT '',
  `mobile` varchar(20) NOT NULL DEFAULT '',
  `status_flag` int(11) NOT NULL,
  `post_date` datetime NOT NULL,
  `uid` varchar(20) NOT NULL,
  `ak` varchar(40) NOT NULL DEFAULT '',
  PRIMARY KEY (`mid`)
) ENGINE=MyISAM AUTO_INCREMENT=44 DEFAULT CHARSET=utf8;

#
# Data for table "message"
#

/*!40000 ALTER TABLE `message` DISABLE KEYS */;
INSERT INTO `message` VALUES (7,'nn','admin',3,'2017-07-11 00:00:00','lqq',''),(8,'gg','admin',2,'2017-07-11 00:00:00','lqq',''),(9,'d','admin',2,'2017-07-11 00:00:00','lqq',''),(13,'ddddd','lqq',1,'2017-07-11 00:00:00','admin',''),(14,'ffffffffff','lqq',2,'2017-07-11 00:00:00','admin',''),(15,'qqqqqqqqq\r\nhhh','lqq',3,'2017-07-11 00:00:00','admin',''),(16,'vvvv','lqq',1,'2017-07-11 00:00:00','admin',''),(21,'v','admin',1,'2017-07-11 00:00:00','lqq',''),(22,'hhh','admin',1,'2017-07-11 00:00:00','lqq',''),(23,'hello','lqq',1,'2017-11-10 00:00:00','admin',''),(43,'hello','lqq',11,'2017-12-09 00:00:00','admin','1');
/*!40000 ALTER TABLE `message` ENABLE KEYS */;

#
# Structure for table "teachers"
#

DROP TABLE IF EXISTS `teachers`;
CREATE TABLE `teachers` (
  `id` int(11) NOT NULL AUTO_INCREMENT,
  `teacher_id` varchar(255) NOT NULL DEFAULT '',
  `teacher_name` text NOT NULL,
  `teacher_state` int(11) NOT NULL DEFAULT '0',
  PRIMARY KEY (`id`)
) ENGINE=InnoDB AUTO_INCREMENT=6022 DEFAULT CHARSET=utf8;

#
# Data for table "teachers"
#

INSERT INTO `teachers` VALUES (4666,'0000916','Albert WOLFE',-1),(4667,'0001968','Alexander SAWYER',1),(4668,'0001618','Alfredo MELENDEZ',-1),(4669,'0001973','Alicia NUNEZ',1),(4670,'0001766','Alyssa RETTLER',-1),(4671,'0001621','Ame PROIETTI',-1),(4672,'0001639','Amy HILLIS',-1),(4673,'0001236','Andrea LAMBROS',1),(4674,'0002039','Andrew Aaron Runck',0),(4675,'0001383','Andrew LOCK',0),(4676,'0001983','Andrew William Marshall',0),(4677,'0000919','Ania LASAK',0),(4678,'0002038','Annette Christine Vernon',0),(4679,'0001494','Anthony SHEPARD',0),(4680,'0001821','April SHEPARD',0),(4681,'0001638','Bahia BRAKTIA',0),(4682,'0000757','Bob NOLTE',0),(4683,'0001593','Bradley WATKINS',0),(4684,'0002037','Brock Eldon Schnurr',0),(4685,'0001228','Bryan GRANT',0),(4686,'0002036','Carolyn Joy Runck',0),(4687,'WP00162','Cecilia Isaacs',0),(4688,'0001359','Chad GLASS',0),(4689,'0001624','Charity BONNER',0),(4690,'0001970','Chris STURGE',0),(4691,'0001617','Christopher BROCKLESBY',0),(4692,'0001247','Christopher REUTHER',0),(4693,'0001637','Cody SHOWALTER',0),(4694,'0000912','Cole YAN',0),(4695,'0001967','Conor PARTEE',0),(4696,'0001596','Daniel LEATHERMAN',0),(4697,'0001388','Daniel ROCHE',0),(4698,'0001628','Devadass OJAH-MAHARAJ',0),(4699,'0001982','Donna Leigh Mitchell',0),(4700,'WP00122','Duncan POTTER',0),(4701,'0001599','Dustin COOK',0),(4702,'0002035','Edward Neil Alano Zarco',0),(4703,'0001636','Eleanor ZYP',0),(4704,'0001909','Elisabeth GABRIEL',0),(4705,'0001594','Elisabeth GABRIEL',0),(4706,'0000913','Elizabeth MITCHELL',0),(4707,'0001767','Emerson GOODMAN',0),(4708,'0001635','Eric HITESMAN',0),(4709,'0001830','Erkan ALI',0),(4710,'0000744','ETO Yasuhiro 江藤康浩',0),(4711,'0001229','Gabriel FRANKEL',0),(4712,'0002034','George Lotter',0),(4713,'0002033','Hamza Benzina',0),(4714,'0002027','Hannah Selin Hunter',0),(4715,'0001906','Ian SIMPSON',0),(4716,'0001833','Iman JONES',0),(4717,'0001963','James LANDRY',0),(4718,'0001634','James PARKINSON',0),(4719,'0002032','Jaylanna Lureena Sweet',0),(4720,'0001981','Jeanine Marie Caughlin',0),(4721,'0001595','Jeffrey BAUMAN',0),(4722,'0001234','Jeffrey DREWETT',0),(4723,'0001626','Jennifer FRANZ',0),(4724,'0001837','Jennifer WADDEL',0),(4725,'0001871','Jennifer WALSH',0),(4726,'0001619','Jessica FORREST',0),(4727,'0000288','JIANG Lin 江林',0),(4728,'0001980','John Francis Rowley',0),(4729,'0001765','John JOHNSON',0),(4730,'0001985','John Lobrigo Gois',0),(4731,'0001500','John OESTMAN',0),(4732,'0000770','John OXLEY',0),(4733,'0001623','JoLeen PETERNEL',0),(4734,'0001979','Jonathan David Smith',0),(4735,'0001493','Jonathan ELSE',0),(4736,'0001820','Jonathan RHEIN',0),(4737,'0001978','José Ramírez Montserrat',0),(4738,'0001835','Joseph PICCHIOTTINO',0),(4739,'0001387','Joshua WENTZ',0),(4740,'0001984','Kelly Elizabeth Dyer',0),(4741,'0001974','Kevin BAKER',0),(4742,'0001230','Kevin VAN',0),(4743,'0000745','KUROKAWA Rie 黑川理惠',0),(4744,'0001627','Kyle TIMMERMEYER',0),(4745,'0001834','La-Gaye SAILSMAN',0),(4746,'0001827','Laura WUENSCHEL',0),(4747,'0001629','Layne FLOWER',0),(4748,'0001977','Leif Ahrens',0),(4749,'0001972','Lin JIANG',0),(4750,'0001969','Lorena POTTER',0),(4751,'0001531','Louisa MEAD',0),(4752,'0001965','Maja DABIC',0),(4753,'0002030','Manuel Andres Navarro',0),(4754,'0001495','Mark ANDREWS',0),(4755,'0001597','Martin DONNELL',0),(4756,'0001633','Matthew BYRNES',0),(4757,'WP00160','Matthew James Hawkins',0),(4758,'0001836','Matthew PARKER',0),(4759,'0002040','Matthew Raymond Boyle',0),(4760,'0001838','Matthew SMITH',0),(4761,'0001492','Michael GREGORY',0),(4762,'0001250','Michael HO',0),(4763,'0001369','Michael HOBBY',0),(4764,'0001976','Michael Joeseph Werry',0),(4765,'0001828','Michael MOORE',0),(4766,'0001534','Miriam GRILL',0),(4767,'0002028','Mohamad Kebbeh',0),(4768,'0000746','MURAKAMI Keizo 村上惠三',0),(4769,'0001964','Namir SUIDAN',0),(4770,'0001823','Natalie LIBKA',0),(4771,'0001625','Natasha SWINNEY',0),(4772,'0001622','Nathan PERRY',0),(4773,'0001762','Nathan WOUDENBERG',0),(4774,'0001905','Neil DOLBY',0),(4775,'0002025','Neil Peter Shee',0),(4776,'0000926','Paul ASHBY',0),(4777,'0001975','Paul Robert Juby',0),(4778,'0001966','Paul SOUTHAN',0),(4779,'0001825','Peter ENOS',0),(4780,'0001620','Phyllis BEARD',0),(4781,'0001822','Rachael SCHMIDT',0),(4782,'0001425','Richard WILDER',0),(4783,'0001248','Rickey LI',0),(4784,'0002029','Robert Donald Wolfe',0),(4785,'0001824','Robin BRUCE',0),(4786,'0001829','Roderick NICOLSOM',0),(4787,'0001831','Rosana HILBIG',0),(4788,'0001763','Rosangela HILBIG',0),(4789,'0001907','Sabina PTASZNIK',0),(4790,'0001533','Samantha QUENNEVILLE',0),(4791,'0001384','Samir YOUNES',0),(4792,'0001908','Samir YOUNES',0),(4793,'0002031','Sarah May Hulley',0),(4794,'0001630','Satomi Sakai 境智美',0),(4795,'0002026','Shree Jokhun',0),(4796,'0001385','Stephen LYNCH',0),(4797,'0001632','Suzanne KENNEDY',0),(4798,'0001826','Talor ENOS',0),(4799,'0001631','Tanecia REIGN',0),(4800,'0001832','Terry DROLLINGER II',0),(4801,'0001341','Tiffanne MAHOMES',0),(4802,'0000862','Vivian BEDO',0),(4803,'0001764','Wavy ZHAO',0),(4804,'0001971','William BUTLER',0),(4805,'0001099','白锐',0),(4806,'WP00161','白岩',1),(4807,'0000447','班戈',0),(4808,'0001997','包建华',0),(4809,'0000788','鲍辉',0),(4810,'WP00132','贝先明',0),(4811,'0001815','毕海风',0),(4812,'0001563','毕进杰',0),(4813,'0001059','毕振力',0),(4814,'0000967','边陶陶',0),(4815,'WP00012','蔡国建',0),(4816,'0000277','蔡金燕',0),(4817,'0001278','蔡军',0),(4818,'0001210','蔡立辉',0),(4819,'0001332','蔡秋培',0),(4820,'0001546','蔡赛男',0),(4821,'WP00090','蔡祥',0),(4822,'0001241','蔡小簪',0),(4823,'0000120','曹凤婷',0),(4824,'0001061','曹红柳',0),(4825,'0001785','曹明香',0),(4826,'0001347','曹天禄',0),(4827,'0001779','曹小臻',0),(4828,'0000331','曹彦华',0),(4829,'0000090','曹银华',0),(4830,'0000512','曹英耀',0),(4831,'0001271','曹育红',0),(4832,'0001046','曹忠辉',0),(4833,'0000187','柴富杰',0),(4834,'0001648','昌玉娇',0),(4835,'0000229','陈爱萍',0),(4836,'0000290','陈兵',0),(4837,'0000240','陈春',0),(4838,'0000640','陈春平',0),(4839,'0000099','陈纯',0),(4840,'WP00035','陈东雨',0),(4841,'0000159','陈发喜',0),(4842,'0001949','陈发源',0),(4843,'0001543','陈刚',0),(4844,'WP00096','陈国海',0),(4845,'0000817','陈和芳',1),(4846,'WP00105','陈和平',0),(4847,'0000598','陈红美',0),(4848,'0001056','陈华生',0),(4849,'0000418','陈化琴',0),(4850,'0001161','陈冀平',0),(4851,'WP00114','陈见丽',0),(4852,'0001804','陈建德',0),(4853,'WP00088','陈建林',0),(4854,'0001515','陈建新',0),(4855,'0001067','陈剑',0),(4856,'0001545','陈健武',0),(4857,'0000194','陈锦芬',0),(4858,'0000186','陈静',0),(4859,'0001172','陈静霜',0),(4860,'0000185','陈娟娟',0),(4861,'0000155','陈军',1),(4862,'0001705','陈军才',0),(4863,'0001933','陈均婷',0),(4864,'0001989','陈凯',0),(4865,'0001205','陈楷强',0),(4866,'0001508','陈磊',0),(4867,'0000460','陈莉',0),(4868,'0000604','陈莉莉',0),(4869,'0001208','陈力生',0),(4870,'0001992','陈立伟',0),(4871,'0001266','陈丽华',0),(4872,'0000119','陈丽华',0),(4873,'0000704','陈橹',0),(4874,'0001443','陈妹',0),(4875,'0001084','陈南先',0),(4876,'WP00047','陈宁',0),(4877,'0000556','陈培初',0),(4878,'0000564','陈鹏',0),(4879,'WP00080','陈其和',0),(4880,'0002012','陈乔',0),(4881,'0001178','陈青',0),(4882,'0000720','陈日标',0),(4883,'0001270','陈蓉西',0),(4884,'0001754','陈世武',0),(4885,'0000103','陈仕群',0),(4886,'0001780','陈淑妍',0),(4887,'0000612','陈双红',0),(4888,'0000591','陈霜',0),(4889,'WP00040','陈松涛',0),(4890,'0000648','陈伟',0),(4891,'0000935','陈玮茵',0),(4892,'WP00076','陈卫平',0),(4893,'0001023','陈文华',0),(4894,'0000689','陈文兰',0),(4895,'WP00070','陈希',0),(4896,'0000014','陈锡久',0),(4897,'0001430','陈锡乾',0),(4898,'0001903','陈小志',0),(4899,'WP00044','陈晓茹',0),(4900,'0001484','陈彦霖',0),(4901,'0001133','陈艳',0),(4902,'0000457','陈艳',0),(4903,'0000257','陈燕纯',0),(4904,'0001163','陈义文',0),(4905,'WP00097','陈忆群',0),(4906,'0000132','陈泳洁',0),(4907,'0000611','陈雨杏',0),(4908,'0001948','陈泽',1),(4909,'0001681','陈哲',0),(4910,'0001796','陈志刚',0),(4911,'WP00123','陈志国',0),(4912,'0000307','陈志杰',0),(4913,'WP00111','陈壮寿',0),(4914,'0000972','谌新民',0),(4915,'0001272','成蓉晖',0),(4916,'0001192','程昌品',0),(4917,'0001142','程杰',0),(4918,'0002010','程京亚',0),(4919,'0001854','程莉莎',0),(4920,'0000417','程玮',0),(4921,'0001656','程晓雪',0),(4922,'0001570','程学庆',0),(4923,'0000959','程智',0),(4924,'0000024','迟恨非',0),(4925,'0000446','迟彦惠',0),(4926,'0000184','仇法强',0),(4927,'0000540','初建环',0),(4928,'0000642','楚海月',0),(4929,'0000958','楚湘娟',0),(4930,'0001845','崔欣欣',0),(4931,'0000686','崔彦君',0),(4932,'WP00074','戴碧峰',0),(4933,'WP00101','戴光全',0),(4934,'0000454','戴建新',0),(4935,'0000682','戴湘宁',0),(4936,'0000670','邓惠',0),(4937,'0001699','邓建彩',0),(4938,'WP00081','邓箭今',0),(4939,'0001674','邓奎伟',0),(4940,'0000330','邓丽君',0),(4941,'0001451','邓琳琳',0),(4942,'0000808','邓群',0),(4943,'0000018','邓树连',0),(4944,'0000089','邓玉婷',0),(4945,'WP00078','邓兆萍',0),(4946,'WP00137','邓忠祥',0),(4947,'0000586','丁艾',0),(4948,'0001025','丁鹏',0),(4949,'0001846','丁小琴',0),(4950,'WP00042','董金伟',0),(4951,'0002019','董鱼粮',0),(4952,'0001712','董再平',0),(4953,'0001135','董振宁',0),(4954,'0001404','窦盼英',0),(4955,'0001124','杜宝庆',0),(4956,'0001878','杜冰卉',0),(4957,'WP00125','杜金榜',0),(4958,'0001608','杜静仪',0),(4959,'0000424','杜俊瑶',0),(4960,'0001036','杜连雄',0),(4961,'0000368','杜璐璐',0),(4962,'WP00061','杜晓颖',0),(4963,'0001645','段芳',0),(4964,'0001166','段智敏',0),(4965,'0001040','樊敏丽',0),(4966,'0001185','范宝龙',0),(4967,'WP00049','范光宇',0),(4968,'0000581','范伟波',0),(4969,'0001313','范艳丽',0),(4970,'0001918','范振华',0),(4971,'0001063','范忠伟',0),(4972,'0001561','方桂芳',0),(4973,'0000570','方计国',0),(4974,'0001207','方俐洛',0),(4975,'WP00138','方婷',0),(4976,'0000645','方耀萍',0),(4977,'0000104','房琨',0),(4978,'0001929','费添林',0),(4979,'0001465','丰婕敏',1),(4980,'0000672','冯敏英',0),(4981,'0001777','冯穗钧',0),(4982,'WP00165','冯晓峰',0),(4983,'0000937','冯亚玲',0),(4984,'WP00147','符德志',0),(4985,'0000467','付大鹏',0),(4986,'0001320','付世明',0),(4987,'0001716','付志刚',0),(4988,'0001600','傅莉萍',0),(4989,'0000559','傅丽琴',0),(4990,'0001859','傅舒婷',0),(4991,'0001547','傅晓',0),(4992,'0001109','傅义强',0),(4993,'WP00065','盖翊中',0),(4994,'0001540','甘宏',0),(4995,'0001683','甘嘉莉',0),(4996,'WP00143','甘荣俊',0),(4997,'0002047','高格',0),(4998,'0001939','高丽君',0),(4999,'0001088','高鹏举',0),(5000,'0001912','高书伦',0),(5001,'0000599','高卫平',0),(5002,'0001927','高文清',0),(5003,'0000476','高文翔',0),(5004,'WP00048','高翔',0),(5005,'0000381','高晓瑞',0),(5006,'0000600','高兴',0),(5007,'0001778','高雪桐',0),(5008,'0001862','高志国',0),(5009,'0001734','龚健虎',0),(5010,'0001793','龚金炉',0),(5011,'0002004','龚凌峰',0),(5012,'0001894','龚子惠',0),(5013,'0000239','谷晓',0),(5014,'0001942','关潮源',0),(5015,'0001947','关霓',0),(5016,'0001526','官华平',0),(5017,'0002045','官千翔',0),(5018,'0000087','桂嘉越',0),(5019,'0001781','郭灿',0),(5020,'0001373','郭春芳',0),(5021,'0000523','郭丹凤',0),(5022,'WP00107','郭皓',0),(5023,'WP00093','郭剑花',0),(5024,'0001090','郭丽',0),(5025,'0001440','郭丽芳',0),(5026,'0001134','郭涛',0),(5027,'WP00142','郭燕',0),(5028,'0000249','郭艺术',0),(5029,'0001658','郭莹',0),(5030,'0000978','郭有环',0),(5031,'0001926','韩东威',0),(5032,'0001078','韩会敏',0),(5033,'0001150','韩启敏',0),(5034,'0000321','韩晓敏',0),(5035,'0000786','韩耀生',0),(5036,'WP00066','韩兆洲',0),(5037,'0002052','郝真真',0),(5038,'0000580','何华',0),(5039,'0000183','何华兵',0),(5040,'0001783','何杰琳',0),(5041,'0001891','何锦玲',0),(5042,'0001843','何锦雯',0),(5043,'0001685','何荣娟',0),(5044,'0000650','何绍菊',0),(5045,'0001651','何树秀',0),(5046,'0001522','何文明',0),(5047,'0001542','何小兰',0),(5048,'0002005','何小平',0),(5049,'0000011','何晓玉',0),(5050,'0000654','何映虹',0),(5051,'0001300','何运星',0),(5052,'WP00026','何志宇',0),(5053,'0001861','贺金连',0),(5054,'0000443','贺利甄',0),(5055,'0001281','洪明',0),(5056,'0001873','洪群英',0),(5057,'0001553','洪穗诺',0),(5058,'0000525','侯崇富',0),(5059,'0000086','呼建婷',0),(5060,'WP00126','胡春雨',0),(5061,'WP00102','胡辉华',0),(5062,'0001863','胡洁怡',0),(5063,'0000789','胡靖',0),(5064,'0000139','胡莲清',0),(5065,'0000641','胡玲娜',0),(5066,'0000509','胡敏沪',0),(5067,'0000560','胡谦正',0),(5068,'0001665','胡蓉蓉',0),(5069,'WP00094','胡若',0),(5070,'0001151','胡挺',0),(5071,'0001853','胡信年',0),(5072,'WP00112','胡兴龙',0),(5073,'0001704','胡学锋',0),(5074,'WP00077','胡忧',0),(5075,'0001282','华如梅',0),(5076,'WP00023','黄安福',0),(5077,'0000165','黄斌',0),(5078,'0001118','黄橙橙',0),(5079,'0000209','黄大鑫',0),(5080,'0001930','黄迪',0),(5081,'0001988','黄都',0),(5082,'0001541','黄耿生',0),(5083,'0000680','黄观德',0),(5084,'0000940','黄广锋',0),(5085,'0001960','黄国范',0),(5086,'0000213','黄国琼',0),(5087,'0001899','黄海',0),(5088,'0000133','黄海峰',0),(5089,'0001598','黄海磊',0),(5090,'0000832','黄皓',0),(5091,'0000660','黄宏武',0),(5092,'0000124','黄济昌',0),(5093,'WP00085','黄建榕',0),(5094,'WP00113','黄建武',0),(5095,'0002041','黄锦清',0),(5096,'0001940','黄娟',0),(5097,'0000475','黄丽霞',0),(5098,'0000319','黄利华',0),(5099,'0001717','黄林',0),(5100,'0000941','黄柳梅',0),(5101,'0001082','黄曼青',0),(5102,'0000529','黄玫',0),(5103,'WP00146','黄美',0),(5104,'0000805','黄敏清',0),(5105,'0000657','黄培发',0),(5106,'0002022','黄仁峰',0),(5107,'0000590','黄士',0),(5108,'0001662','黄涛',0),(5109,'0001952','黄伟先',0),(5110,'0000450','黄蔚',0),(5111,'0002008','黄文怡',0),(5112,'0000458','黄小红',0),(5113,'0000631','黄小敏',0),(5114,'0001421','黄新元',0),(5115,'0001671','黄旖雯',0),(5116,'0000442','黄英',0),(5117,'0001005','黄颖',0),(5118,'0001856','黄宇',0),(5119,'0001297','黄宇媚',0),(5120,'0000131','黄育松',0),(5121,'0000219','黄赞',0),(5122,'0001117','黄兆嘉',0),(5123,'0000289','黄志均',0),(5124,'0001725','黄宗华',0),(5125,'0000255','霍伟航',0),(5126,'0001120','姬新江',0),(5127,'0000528','戢凤莲',0),(5128,'0000668','贾东勤',0),(5129,'0001424','贾茜茜',0),(5130,'0000350','贾赛桃',0),(5131,'0001324','贾晓柏',0),(5132,'0000990','江铠昌',0),(5133,'0001180','江涛',0),(5134,'0000164','江锡文',0),(5135,'0000596','江展鹏',0),(5136,'0000281','江志晃',0),(5137,'0000533','姜斌远',0),(5138,'0000819','姜顶',0),(5139,'0000563','姜洪良',0),(5140,'0001114','姜虹成',0),(5141,'WP00157','姜明',0),(5142,'0001152','姜新海',0),(5143,'0000928','姜怡',0),(5144,'0001880','蒋彩云',0),(5145,'WP00064','蒋海',0),(5146,'0001345','蒋结玲',0),(5147,'WP00013','蒋礼波',0),(5148,'0000318','蒋伟权',0),(5149,'WP00051','蒋悦',0),(5150,'0000658','焦中前',0),(5151,'0000638','解文韬',0),(5152,'WP00156','解正伟',0),(5153,'0001162','金楚华',0),(5154,'0000804','金丹',0),(5155,'0001076','金琼',0),(5156,'0001841','金石榴',0),(5157,'0001688','金松华',0),(5158,'0001990','金砚',0),(5159,'0000971','金志成',0),(5160,'0000254','井百祥',0),(5161,'0001687','景卿',0),(5162,'0001564','鞠颂东',0),(5163,'WP00145','康路',0),(5164,'0001516','孔祥超',0),(5165,'WP00060','孔欣',0),(5166,'0001748','寇学敏',0),(5167,'0000101','赖百达',0),(5168,'0000492','赖春彩',0),(5169,'0000663','赖锦松',0),(5170,'0001111','赖松龄',0),(5171,'0001663','赖婷',0),(5172,'0000848','赖艳丽',0),(5173,'0002060','赖叶华',0),(5174,'0001701','兰巧丽',0),(5175,'0001423','蓝曼丹',0),(5176,'0000544','郎思新',0),(5177,'WP00089','雷宇',0),(5178,'0001402','冷汗青',0),(5179,'0000440','黎红',0),(5180,'WP00164','黎健军',0),(5181,'0000578','黎茂金',0),(5182,'0001661','黎敏炫',0),(5183,'0001728','黎小平',0),(5184,'0000123','黎永胜',0),(5185,'0000644','李宝荣',0),(5186,'WP00001','李碧燕',0),(5187,'0000488','李波',0),(5188,'WP00104','李伯桥',0),(5189,'0000988','李彩素',0),(5190,'0002015','李彩云',0),(5191,'0000508','李成元',0),(5192,'0001794','李春林',0),(5193,'0001138','李春晓',0),(5194,'0000364','李春燕',0),(5195,'0000017','李大可',0),(5196,'0000594','李黛芬',0),(5197,'0000975','李丁',0),(5198,'0001953','李芳',0),(5199,'WP00117','李根生',0),(5200,'0001772','李国平',0),(5201,'0001702','李海芳',0),(5202,'WP00024','李浩坚',0),(5203,'WP00005','李宏',0),(5204,'0000267','李花梅',0),(5205,'0001867','李欢',0),(5206,'0000824','李慧',0),(5207,'0001752','李建华',0),(5208,'0000190','李建武',0),(5209,'0001267','李建训',0),(5210,'0001317','李婕颖',0),(5211,'0001776','李金莹',0),(5212,'0000487','李晶',0),(5213,'0000567','李婧芳',0),(5214,'0000306','李婧洁',0),(5215,'0001186','李愧敏',0),(5216,'0001447','李岚',0),(5217,'WP00103','李乐平',0),(5218,'WP00020','李丽',0),(5219,'0001396','李丽君',0),(5220,'0000439','李琳',0),(5221,'WP00153','李陵',0),(5222,'0001015','李柳华',0),(5223,'0001053','李茂林',0),(5224,'0002017','李明珠',0),(5225,'0000582','李娜',0),(5226,'0001782','李娜',0),(5227,'0001503','李培敏',0),(5228,'0000550','李鹏',0),(5229,'0000378','李鹏',0),(5230,'0001714','李萍',0),(5231,'0001605','李倩蕴',0),(5232,'0001273','李仁苏',0),(5233,'WP00062','李日新',0),(5234,'0001548','李荣锋',0),(5235,'0001179','李森',0),(5236,'0001083','李少成',0),(5237,'0001104','李松庆',0),(5238,'0001692','李微',0),(5239,'0001156','李伟平',0),(5240,'0001129','李炜',0),(5241,'0000270','李文娣',0),(5242,'0000619','李文红',0),(5243,'0000154','李文胜',0),(5244,'0001091','李喜梅',0),(5245,'0000522','李细妹',0),(5246,'0001072','李贤民',0),(5247,'WP00036','李祥明',0),(5248,'0000354','李秀臣',0),(5249,'0001175','李亚兰',0),(5250,'0002018','李延鹏',0),(5251,'WP00017','李妍',0),(5252,'0000992','李燕',0),(5253,'0001606','李野',0),(5254,'0000009','李业琪',0),(5255,'0001761','李亦武',0),(5256,'0000041','李英旭',0),(5257,'WP00056','李渝萍',0),(5258,'0001585','李宇霞',0),(5259,'0000507','李玉米',0),(5260,'0001557','李彧',0),(5261,'0000275','李贞辉',0),(5262,'WP00016','李志球',0),(5263,'0000438','李中桂',0),(5264,'0000317','李珠',0),(5265,'0001181','李柱',0),(5266,'0000964','李专民',0),(5267,'0001488','利煌',0),(5268,'0001188','连艳艳',0),(5269,'0000662','练志宁',0),(5270,'0000969','梁宝勇',0),(5271,'0001601','梁成琼',0),(5272,'0000357','梁春凤',0),(5273,'0000519','梁飞洪',0),(5274,'0000558','梁广荣',0),(5275,'0000677','梁华勇',0),(5276,'0001351','梁焕强',0),(5277,'0000486','梁金玉',0),(5278,'0000565','梁巨操',0),(5279,'0001338','梁丽娜',0),(5280,'0001128','梁明',0),(5281,'0000695','梁普建',0),(5282,'0000198','梁荣辉',0),(5283,'0000008','梁伟',0),(5284,'0000470','梁锡锋',0),(5285,'0002009','梁艳',0),(5286,'0000102','梁玉梨',0),(5287,'0001122','梁玉霞',0),(5288,'0000957','梁粤',0),(5289,'0000097','梁志铭',0),(5290,'0001555','梁志茹',0),(5291,'0000982','廖金祥',0),(5292,'0001921','廖利琼',0),(5293,'0001936','林岸鸿',0),(5294,'WP00091','林斌',0),(5295,'0001409','林晨',0),(5296,'0001556','林春龙',0),(5297,'0001527','林海明',0),(5298,'0001245','林锦峰',0),(5299,'0001719','林铭艳',0),(5300,'0001011','林娜辉',0),(5301,'0000063','林松平',0),(5302,'0001569','林宋贤',0),(5303,'0000421','林挺',0),(5304,'0000589','林晓玲',0),(5305,'0001008','林影丹',0),(5306,'WP00019','林志强',0),(5307,'0000530','林智敏',0),(5308,'0001737','林竹青',0),(5309,'0000664','林灼锦',0),(5310,'0000970','蔺桂瑞',0),(5311,'0000962','凌广基',0),(5312,'0001713','凌辉贤',0),(5313,'0001081','凌彦',0),(5314,'0000681','凌征海',0),(5315,'WP00079','刘春潮',0),(5316,'0000717','刘春其',0),(5317,'0000974','刘东昌',0),(5318,'0000083','刘芳',0),(5319,'0000096','刘飞',0),(5320,'0001038','刘飞',0),(5321,'0000474','刘福清',0),(5322,'0001731','刘广晓',0),(5323,'WP00050','刘桂芳',0),(5324,'0001110','刘国建',0),(5325,'0000247','刘海金',0),(5326,'0000700','刘海鹰',0),(5327,'0001130','刘红英',0),(5328,'0000437','刘宏',0),(5329,'0000236','刘洪邦',0),(5330,'0000482','刘洪波',0),(5331,'0002061','刘洪鹏',0),(5332,'0001112','刘华',0),(5333,'0001811','刘华',0),(5334,'0001490','刘辉',0),(5335,'WP00140','刘辉',0),(5336,'0000436','刘慧',0),(5337,'0001143','刘慧云',0),(5338,'0001950','刘家磊',0),(5339,'0001732','刘建平',0),(5340,'0001021','刘锦',0),(5341,'0000951','刘静',0),(5342,'0000315','刘娟',0),(5343,'0001147','刘珏',0),(5344,'0000629','刘俊兴',0),(5345,'0001093','刘可夫',0),(5346,'0000698','刘丽珍',0),(5347,'0000459','刘利均',0),(5348,'0001551','刘良英',0),(5349,'0000226','刘琳',0),(5350,'0002050','刘琳琳',0),(5351,'0000506','刘曼琴',0),(5352,'0000413','刘梅繁',0),(5353,'0001276','刘梅生',0),(5354,'0000062','刘潘梅',0),(5355,'0001468','刘倩',0),(5356,'WP00150','刘秦民',0),(5357,'0000606','刘勤果',0),(5358,'0002001','刘清星',0),(5359,'0000264','刘仁',0),(5360,'0000618','刘荣',0),(5361,'0000345','刘式妙',0),(5362,'0000798','刘树晓',0),(5363,'0000280','刘帅',0),(5364,'0001678','刘涛',0),(5365,'WP00116','刘伟',0),(5366,'0001758','刘武昌',0),(5367,'0001094','刘喜民',0),(5368,'0000473','刘小勤',0),(5369,'0001724','刘小同',0),(5370,'0001718','刘小文',0),(5371,'0000671','刘晓瑜',0),(5372,'0000496','刘鑫',0),(5373,'0001575','刘秀芳',0),(5374,'0000327','刘旭',0),(5375,'0001058','刘亚龙',0),(5376,'0001525','刘艳',0),(5377,'WP00058','刘艳',0),(5378,'0001576','刘燕兰',0),(5379,'WP00084','刘耀中',0),(5380,'0000577','刘烨',0),(5381,'0000266','刘映国',0),(5382,'0000554','刘玉容',0),(5383,'0000621','刘远辉',0),(5384,'0001066','刘苑辉',0),(5385,'0001155','刘月红',0),(5386,'0001528','刘照德',0),(5387,'0000961','刘振兴',0),(5388,'WP00006','刘志荣',0),(5389,'0001277','刘志渊',0),(5390,'0000667','刘治国',0),(5391,'WP00075','刘子川',0),(5392,'WP00029','柳飞红',0),(5393,'0000332','龙朝飞',0),(5394,'0000628','龙虹莉',0),(5395,'0001708','龙会典',0),(5396,'0001993','龙杰',0),(5397,'0002007','龙君芳',0),(5398,'0000400','龙开祥',0),(5399,'0001881','龙银香',0),(5400,'0000299','娄莉莉',0),(5401,'WP00033','卢道宏',0),(5402,'0002014','卢海萍',0),(5403,'0001877','卢佳芳',0),(5404,'0000348','卢葭',0),(5405,'0001318','鲁洪萍',0),(5406,'0001136','陆道夫',0),(5407,'0000409','陆华泽',0),(5408,'0000314','陆继凤',0),(5409,'0000335','陆燕冰',0),(5410,'0001757','吕嘉欣',0),(5411,'0001768','吕坤鹏',0),(5412,'0000576','罗斌',0),(5413,'0000715','罗炳勤',0),(5414,'0000666','罗成安',0),(5415,'0000326','罗丹',0),(5416,'WP00120','罗国强',0),(5417,'0000333','罗禾森',0),(5418,'0001646','罗慧',0),(5419,'0001301','罗佳蕾',0),(5420,'0001518','罗茂群',0),(5421,'0000216','罗佩芳',0),(5422,'0000336','罗庆年',0),(5423,'0000994','罗荣艇',0),(5424,'0001647','罗韬',0),(5425,'WP00031','罗新鹏',0),(5426,'0001209','罗亚非',0),(5427,'0001956','罗亦乐',0),(5428,'0001164','罗勇',0),(5429,'0001372','罗志琦',0),(5430,'0000534','骆乐生',0),(5431,'0000791','骆瑞鹏',0),(5432,'0001325','骆顺婷',0),(5433,'0000981','骆伟驱',0),(5434,'0001262','马晶晶',0),(5435,'0000515','马文联',0),(5436,'0001799','马昕瑶',0),(5437,'0001755','马欣川',0),(5438,'0001614','马新流',0),(5439,'0001439','马耀基',0),(5440,'0001727','马蓁',0),(5441,'0001884','麦晓浩',0),(5442,'0001448','麦勇',0),(5443,'WP00135','麦粤徽',0),(5444,'0001893','麦志均',0),(5445,'0001346','毛丹',0),(5446,'0000635','梅东胜',0),(5447,'0001361','梅伟霞',0),(5448,'WP00124','蒙柱环',0),(5449,'0000516','孟华',0),(5450,'0001167','孟敬',0),(5451,'0000398','孟令红',0),(5452,'0000082','闵红棉',0),(5453,'0001808','缪冠星',0),(5454,'0000081','莫岸华',0),(5455,'0000045','莫兰英',0),(5456,'0001149','莫明星',0),(5457,'WP00004','莫山',0),(5458,'0001154','慕亚萍',0),(5459,'0001483','牛涵',0),(5460,'WP00158','牛晓梅',0),(5461,'WP00118','欧健雯',0),(5462,'0001578','欧阳翠茹',0),(5463,'WP00037','欧阳浩哲',0),(5464,'0001750','欧阳铨',0),(5465,'0001667','潘光洋',0),(5466,'0001616','潘海锟',0),(5467,'0001668','潘泓静',0),(5468,'0001524','潘晴',0),(5469,'0002013','潘文翠',0),(5470,'0001126','潘艳',0),(5471,'0001729','潘永耀',0),(5472,'0000649','潘钟发',0),(5473,'WP00152','盘浩',0),(5474,'0001370','盘玉兰',0),(5475,'0000490','庞崇高',0),(5476,'0001738','庞小婷',0),(5477,'0002000','彭宝星',0),(5478,'0000410','彭炳铭',0),(5479,'0000221','彭波',0),(5480,'0000602','彭春凤',0),(5481,'0000363','彭芳',0),(5482,'0000711','彭凤飞',0),(5483,'0001999','彭桂浓',0),(5484,'0000675','彭海河',0),(5485,'0000291','彭华东',0),(5486,'WP00115','彭精卫',0),(5487,'WP00099','彭娟',0),(5488,'0001819','彭林森',0),(5489,'0000552','彭美桂',0),(5490,'0000060','彭荣',0),(5491,'0001062','彭维文',0),(5492,'WP00008','彭未名',0),(5493,'0001268','彭文革',0),(5494,'0000651','彭晓红',0),(5495,'0000148','彭艳芳',0),(5496,'0001285','彭著奎',0),(5497,'0002053','皮强',0),(5498,'0000822','齐佳',0),(5499,'0001280','钱艳英',0),(5500,'0001028','强晓如',0),(5501,'0000518','秦峰',0),(5502,'0002057','秦晴',0),(5503,'0000983','秦维佳',0),(5504,'WP00159','秦晓金',0),(5505,'0001589','丘惠翠',0),(5506,'0001101','丘丽云',0),(5507,'0001800','丘文苑',0),(5508,'0000815','邱晓玉',0),(5509,'WP00046','邱雅芬',0),(5510,'0000566','邱子良',0),(5511,'0000493','曲昊月',0),(5512,'0001715','屈振甫',0),(5513,'0000936','任卉',0),(5514,'0000944','任建功',0),(5515,'WP00022','任静辉',0),(5516,'0001643','任俊生',0),(5517,'0000196','任艳棠',0),(5518,'0001171','任永星',0),(5519,'0002058','任瑜艳',0),(5520,'0000079','荣明芹',0),(5521,'0000405','阮霖',0),(5522,'0000116','阮小玲',0),(5523,'0001803','阮永颖',0),(5524,'0000298','桑敏',0),(5525,'0000622','邵晓峰',0),(5526,'WP00155','申霖',0),(5527,'WP00003','沈栋',0),(5528,'0000403','沈俊美',0),(5529,'0000214','沈凝芬',0),(5530,'0000627','沈晓春',0),(5531,'0001244','沈远平',0),(5532,'0001709','盛巧玲',0),(5533,'0001243','盛清才',0),(5534,'0001344','盛玉雯',0),(5535,'0000313','施海燕',0),(5536,'0000162','施赟',0),(5537,'0000603','石本俊',0),(5538,'0000960','石欧',0),(5539,'0001200','石巧荣',0),(5540,'0001380','石廷安',0),(5541,'0001554','石岩',0),(5542,'0001097','史福厚',0),(5543,'0000031','史佳彦',0),(5544,'0001017','史茹',0),(5545,'0001095','史永俊',0),(5546,'0000585','舒捷',0),(5547,'0000561','舒艳艳',0),(5548,'0002042','宋国辉',0),(5549,'0000078','宋冀东',0),(5550,'0001640','宋静',0),(5551,'0001858','宋可',0),(5552,'0000790','宋水英',0),(5553,'0001885','宋亭洁',0),(5554,'0000652','宋宇翔',0),(5555,'0001991','苏登',0),(5556,'0001733','苏冬蔚',0),(5557,'WP00098','苏衡彦',0),(5558,'0001986','苏金恒',0),(5559,'0001184','苏力',0),(5560,'0000287','苏琳',0),(5561,'0001291','苏伟煜',0),(5562,'WP00151','孙帮寨',0),(5563,'0000245','孙洪柏',0),(5564,'0000526','孙鸿',0),(5565,'0000077','孙慧英',0),(5566,'0001722','孙千高',0),(5567,'0001797','孙倩倩',0),(5568,'0001194','孙清柳',0),(5569,'0000263','孙守奎',0),(5570,'0001379','孙五三',0),(5571,'0002046','孙小微',0),(5572,'0000462','孙晓华',0),(5573,'0001169','孙永林',0),(5574,'0000537','孙勇',0),(5575,'WP00038','孙禹',0),(5576,'0001896','覃大冰',0),(5577,'0000386','谭浩洁',0),(5578,'0000161','谭洪益',0),(5579,'0001795','谭明祥',0),(5580,'0000134','谭目兰',0),(5581,'0000075','谭舒尹',0),(5582,'0001105','汤发良',0),(5583,'0001039','汤丽',0),(5584,'0001860','汤艳飞',0),(5585,'0001100','唐国华',0),(5586,'0001132','唐红梅',0),(5587,'0001107','唐吉珍',0),(5588,'0000985','唐俊',0),(5589,'0001201','唐明琴',0),(5590,'0000587','唐棠',0),(5591,'0000545','唐先安',0),(5592,'0000989','唐小晋',0),(5593,'0000366','唐小娟',0),(5594,'0001073','唐月琴',0),(5595,'0000433','滕智红',0),(5596,'0000432','田晓晴',0),(5597,'0000057','田玉昆',0),(5598,'0001849','田玥',0),(5599,'WP00021','涂贤玲',0),(5600,'0001119','万英仪',0),(5601,'0001931','汪慧',0),(5602,'0000305','汪利平',0),(5603,'0001848','汪又发',0),(5604,'0000634','王长虹',0),(5605,'0000304','王翠敏',0),(5606,'0002002','王东',0),(5607,'WP00130','王东风',0),(5608,'0001330','王东梅',0),(5609,'0001550','王芳',0),(5610,'0000375','王芳',0),(5611,'0002006','王菲',0),(5612,'0001283','王富',0),(5613,'0000235','王海宾',0),(5614,'0001168','王海峰',0),(5615,'0001510','王会丹',0),(5616,'0000659','王继勇',0),(5617,'0000374','王健',0),(5618,'0001360','王金平',0),(5619,'0001157','王慷',0),(5620,'0000823','王蕾',0),(5621,'0001031','王莉',0),(5622,'0000592','王莉',0),(5623,'0000549','王丽',0),(5624,'0001202','王丽红',0),(5625,'0001664','王丽娟',0),(5626,'0001773','王丽英',0),(5627,'0001203','王亮',0),(5628,'WP00009','王凌',0),(5629,'0001096','王敏敏',0),(5630,'0001558','王明辉',0),(5631,'WP00069','王青剑',0),(5632,'0001377','王仁法',0),(5633,'0000193','王蕊',0),(5634,'WP00072','王少斌',0),(5635,'0001374','王姝楠',0),(5636,'0000536','王淑芬',0),(5637,'0000392','王双',0),(5638,'0001123','王水明',0),(5639,'0001592','王思佳',0),(5640,'0000234','王天枝',0),(5641,'0000973','王通讯',0),(5642,'0001418','王文婷',0),(5643,'0001805','王先国',0),(5644,'0001809','王贤',0),(5645,'0001438','王小飞',0),(5646,'0000109','王小平',0),(5647,'0000391','王晓',0),(5648,'0000115','王晓光',0),(5649,'0001994','王晓立',0),(5650,'0001802','王欣然',0),(5651,'0001642','王亚璇',0),(5652,'0000543','王延平',0),(5653,'0000514','王琰',0),(5654,'0000233','王艳',0),(5655,'WP00059','王翊',0),(5656,'0000373','王英',0),(5657,'0001567','王盈丁',0),(5658,'0000286','王颖',0),(5659,'0001694','王云坤',0),(5660,'0000022','王蕴杰',0),(5661,'0000372','王振华',0),(5662,'0000393','王铮',0),(5663,'0001177','韦焯思',0),(5664,'0000334','韦江波',0),(5665,'0001140','韦立新',0),(5666,'0001562','韦贤华',0),(5667,'0001457','韦雪梅',0),(5668,'WP00109','魏波',0),(5669,'0001721','魏成芳',0),(5670,'0001810','魏伟伟',0),(5671,'0000232','魏文芬',0),(5672,'0001060','魏新',0),(5673,'0001079','魏永秀',0),(5674,'WP00144','温长明',0),(5675,'0000015','温德栋',0),(5676,'0000114','文兰',0),(5677,'0001121','文翔',0),(5678,'0000665','巫幸兴',0),(5679,'0001085','吴晨',0),(5680,'0001610','吴冬',0),(5681,'0000311','吴二娇',0),(5682,'0001431','吴海霞',0),(5683,'0001274','吴汉民',0),(5684,'0000174','吴建源',0),(5685,'0001812','吴静',0),(5686,'0000691','吴开珊',0),(5687,'0000838','吴立扬',0),(5688,'0000297','吴丽萍',0),(5689,'0000932','吴玲娜',0),(5690,'0001007','吴尚杰',0),(5691,'0001571','吴尚泽',0),(5692,'0001159','吴圣超',0),(5693,'0000296','吴淑利',0),(5694,'0001026','吴思妮',0),(5695,'0000303','吴万明',0),(5696,'0000055','吴晓宣',0),(5697,'WP00053','吴晓义',0),(5698,'0000113','吴学曼',0),(5699,'0001710','吴炎太',0),(5700,'0001204','吴玉敏',0),(5701,'0000703','吴赵斌',0),(5702,'0001252','武东华',0),(5703,'0002044','武侠',0),(5704,'0001855','郗彩莲',0),(5705,'0001512','席礼',0),(5706,'0000151','向诚',0),(5707,'WP00131','向柠',0),(5708,'0001898','肖阿芳',0),(5709,'0000620','肖宾',0),(5710,'0000701','肖金波',0),(5711,'0001275','肖绮雯',0),(5712,'0000692','肖三凤',0),(5713,'0000646','肖晚秋',0),(5714,'0001098','肖雄伟',0),(5715,'0001014','肖秀华',0),(5716,'0000054','肖雪莹',0),(5717,'0000231','肖燕',0),(5718,'0000712','肖志元',0),(5719,'0000553','谢晶晶',0),(5720,'0001875','谢静仪',0),(5721,'0001582','谢俊芳',0),(5722,'0001672','谢俊陶',0),(5723,'0000407','谢妙英',0),(5724,'0000687','谢勤贤',0),(5725,'0001323','谢庆芳',0),(5726,'WP00063','谢仁寿',0),(5727,'0000625','谢婷轶',0),(5728,'0000053','谢文兰',0),(5729,'0001290','谢锡芬',0),(5730,'0000520','谢欣伲',0),(5731,'0001125','谢永梅',0),(5732,'0001170','谢玉波',0),(5733,'0000251','熊次江',0),(5734,'0000431','熊建设',0),(5735,'WP00015','熊金红',0),(5736,'0000707','熊卫',0),(5737,'0000633','熊晓华',0),(5738,'0001322','熊宜勤',0),(5739,'0001246','熊英',0),(5740,'0000268','徐春鸽',0),(5741,'0000828','徐光明',0),(5742,'0001352','徐慧丽',0),(5743,'0000358','徐瑾',0),(5744,'0000539','徐进',0),(5745,'0002023','徐敬文',0),(5746,'0000066','徐久香',0),(5747,'0002051','徐军',0),(5748,'WP00083','徐乐军',0),(5749,'0001998','徐利群',0),(5750,'WP00032','徐良金',0),(5751,'0000020','徐明蔚',0),(5752,'WP00149','徐平华',0),(5753,'0001407','徐秋玲',0),(5754,'0001476','徐秋玲',0),(5755,'WP00041','徐章宏',0),(5756,'0000360','许爱琼',0),(5757,'0000026','许欢',0),(5758,'0000301','许婕',0),(5759,'0000129','许锦民',0),(5760,'0001009','许磊',0),(5761,'0001102','许宪成',0),(5762,'WP00057','许永甲',0),(5763,'0000584','许哲斐',0),(5764,'WP00045','许竹君',0),(5765,'0001818','薛宏卿',0),(5766,'0000945','薛宏清',0),(5767,'0000588','薛筌月',0),(5768,'0001559','薛文忠',0),(5769,'0001723','严孚良',0),(5770,'0001874','严慧',0),(5771,'WP00139','颜世华',0),(5772,'0001411','颜星',0),(5773,'0001911','颜艳华',0),(5774,'0001106','阳林',0),(5775,'0001116','杨发韵',0),(5776,'WP00086','杨峰',0),(5777,'0000610','杨戈',0),(5778,'0001897','杨格茜',0),(5779,'0000472','杨国清',0),(5780,'WP00073','杨宏烈',0),(5781,'0001560','杨利春',0),(5782,'WP00141','杨璘璘',0),(5783,'0000065','杨玲',0),(5784,'0001481','杨凌',0),(5785,'0001436','杨柳',0),(5786,'0000555','杨敏',0),(5787,'WP00071','杨敏',0),(5788,'0001108','杨明',0),(5789,'0001736','杨仁敏',0),(5790,'0001086','杨守玉',0),(5791,'0000996','杨松',0),(5792,'WP00128','杨文滢',0),(5793,'WP00133','杨希英',0),(5794,'0001455','杨晓萍',0),(5795,'0000430','杨秀华',0),(5796,'0002020','杨媛',0),(5797,'0000033','杨泽金',0),(5798,'0000023','杨正风',0),(5799,'WP00087','杨志强',0),(5800,'0001075','杨宗红',0),(5801,'0001711','姚文戈',0),(5802,'0001529','姚雪绯',0),(5803,'0001445','姚志敏',0),(5804,'0000160','叶红',0),(5805,'0000429','叶洁雯',0),(5806,'0002049','叶茂',0),(5807,'0001183','叶穗冰',0),(5808,'0000112','叶雪英',0),(5809,'0000998','叶永吉',0),(5810,'0001670','叶梓',0),(5811,'0001769','易芳芳',0),(5812,'0001872','易正伟',0),(5813,'0001937','殷植儒',0),(5814,'0000051','尹金锋',0),(5815,'0001089','尹枚',0),(5816,'0002048','尹音娜',0),(5817,'0000455','游海平',0),(5818,'0001814','游文君',0),(5819,'0001690','游忆',0),(5820,'0001048','于丽娟',0),(5821,'0001749','于丽艳',0),(5822,'0000583','余海溶',0),(5823,'0000521','余洪涛',0),(5824,'0001139','余六一',0),(5825,'WP00067','余明艳',0),(5826,'0000342','余瑞云',0),(5827,'0000624','余卫平',0),(5828,'0001536','余以胜',0),(5829,'0001113','余展洪',0),(5830,'WP00002','余灼雅',0),(5831,'0001413','於贤德',0),(5832,'0001458','俞萍',0),(5833,'0001730','虞兴龙',0),(5834,'0000169','玉淑美',0),(5835,'0001538','喻国华',0),(5836,'0000503','袁秉成',0),(5837,'0001141','袁传有',0),(5838,'0001255','袁翠翠',0),(5839,'0001951','袁式亮',0),(5840,'0000122','袁希佳',0),(5841,'0000547','袁晓艳',0),(5842,'0001065','袁亚忠',0),(5843,'0001027','袁野梅',0),(5844,'0002016','苑崇利',0),(5845,'0001697','臧义升',0),(5846,'0000349','曾定山',0),(5847,'0001034','曾兰',0),(5848,'0000064','曾庆良',0),(5849,'0001864','曾小峰',0),(5850,'0000601','曾小亮',0),(5851,'0000050','曾艳',0),(5852,'0001137','曾燕波',0),(5853,'0000191','曾营',0),(5854,'0000593','曾元林',0),(5855,'0001182','翟金花',0),(5856,'0001441','詹健明',0),(5857,'0000809','詹金门',0),(5858,'WP00136','詹涌强',0),(5859,'WP00030','占学世',0),(5860,'0001935','战秀琴',0),(5861,'0001032','张成龙',1),(5862,'0001057','张春',0),(5863,'0001389','张纯威',0),(5864,'0000542','张方群',0),(5865,'0001074','张福萍',0),(5866,'0001068','张河清',0),(5867,'0000814','张红坚',0),(5868,'WP00028','张红磊',0),(5869,'0001321','张鸿梅',0),(5870,'0000215','张华南',0),(5871,'0001816','张惠青',0),(5872,'0001160','张慧荣',0),(5873,'0001353','张建华',0),(5874,'0000353','张婕妤',0),(5875,'0001603','张金连',0),(5876,'0001196','张敬辉',0),(5877,'0001087','张军',0),(5878,'WP00134','张钧',0),(5879,'0002043','张昆鹏',0),(5880,'0000242','张磊',0),(5881,'0000609','张力',0),(5882,'0000427','张丽君',0),(5883,'0001478','张敏',0),(5884,'0002054','张敏燕',0),(5885,'0000225','张宁君',0),(5886,'0001695','张茜茜',0),(5887,'0001064','张青',0),(5888,'0001680','张士',0),(5889,'0001745','张曙光',0),(5890,'0000489','张弢',0),(5891,'0001080','张文',0),(5892,'0000531','张文芳',0),(5893,'0001928','张喜平',0),(5894,'0000408','张小兰',0),(5895,'WP00129','张兴',0),(5896,'WP00163','张雅婷',0),(5897,'0002011','张艳梅',0),(5898,'0001539','张艳梅',0),(5899,'0001753','张燕',0),(5900,'0002056','张义泉',0),(5901,'0000426','张妤',0),(5902,'0001127','张源',0),(5903,'0000466','张跃',0),(5904,'0001024','张占文',0),(5905,'0002021','张真',0),(5906,'0001568','张振谦',0),(5907,'WP00011','张志刚',0),(5908,'0001996','张志军',0),(5909,'0000414','张志琴',0),(5910,'0001735','张志勇',0),(5911,'0001961','张紫珺',0),(5912,'0001279','张祖龙',0),(5913,'0001092','张祖荣',0),(5914,'WP00043','章国军',0),(5915,'0002024','章小慧',0),(5916,'0000616','赵宝清',0),(5917,'0000661','赵长虹',0),(5918,'WP00095','赵淦森',0),(5919,'WP00092','赵国宇',0),(5920,'0001987','赵恒华',0),(5921,'0001071','赵红英',0),(5922,'WP00018','赵焕桥',0),(5923,'0001798','赵建林',0),(5924,'0000250','赵剑',0),(5925,'0001146','赵剑光',0),(5926,'WP00054','赵静波',0),(5927,'0000463','赵军',0),(5928,'0001055','赵君',0),(5929,'0000735','赵立学',0),(5930,'0000465','赵文',0),(5931,'WP00106','赵文成',0),(5932,'0002003','赵湘',0),(5933,'WP00027','赵栩',0),(5934,'0000324','赵永斌',0),(5935,'0000669','赵羽雁',0),(5936,'0002059','郑彩云',0),(5937,'0001751','郑超',0),(5938,'WP00082','郑臣喜',0),(5939,'0001759','郑春玲',0),(5940,'0000042','郑春元',0),(5941,'0000480','郑飞列',0),(5942,'0001035','郑华宝',0),(5943,'0001069','郑建华',0),(5944,'WP00121','郑健',0),(5945,'WP00025','郑荆陵',0),(5946,'WP00108','郑克俊',0),(5947,'0001923','郑葵',0),(5948,'0001176','郑如城',0),(5949,'0000468','郑寿伟',0),(5950,'WP00010','郑文姬',0),(5951,'0001756','郑希付',0),(5952,'0000963','郑旭辉',0),(5953,'0001673','郑旭芸',0),(5954,'WP00100','郑焱',0),(5955,'0001792','郑伊伊',0),(5956,'0001198','郑镇汉',0),(5957,'0000049','郑志强',0),(5958,'0001077','郑周民',0),(5959,'0001537','支和才',0),(5960,'0002055','钟家伟',0),(5961,'0001882','钟莉明',0),(5962,'0000839','钟年',0),(5963,'0001523','钟萍',0),(5964,'WP00014','钟爽',0),(5965,'0000471','钟伟',0),(5966,'WP00110','钟文辉',0),(5967,'0001706','钟英莲',0),(5968,'0001957','钟颖',0),(5969,'0000359','周超',0),(5970,'0001530','周国良',0),(5971,'0001158','周汉城',0),(5972,'0000479','周昊',0),(5973,'0000965','周红卫',0),(5974,'0000966','周华峰',0),(5975,'WP00068','周建波',0),(5976,'WP00034','周剑',0),(5977,'0000308','周箭',0),(5978,'0001707','周杰琦',0),(5979,'0001659','周凯妍',0),(5980,'0000569','周兰',0),(5981,'0000283','周蓝岚',0),(5982,'0000571','周丽婵',0),(5983,'0001520','周明娜',0),(5984,'0000048','周启新',0),(5985,'0000548','周茜',0),(5986,'0000833','周巧香',0),(5987,'0000337','周秋意',0),(5988,'0001145','周瑞琪',0),(5989,'0001771','周淑云',0),(5990,'0000797','周文雄',0),(5991,'0001552','周小宾',0),(5992,'0001883','周兴辉',0),(5993,'0001144','周杏英',0),(5994,'0001131','周训清',0),(5995,'0000498','周艳',0),(5996,'0000167','周英瑛',0),(5997,'0001018','周瑜',0),(5998,'0000387','周正钟',0),(5999,'WP00148','周志鹏',0),(6000,'0001165','朱定善',0),(6001,'0001103','朱福良',0),(6002,'0001390','朱鸿伟',0),(6003,'WP00052','朱磊',0),(6004,'0001720','朱黎立',0),(6005,'0000138','朱庆欢',0),(6006,'WP00007','朱荃',0),(6007,'0000202','朱慎玉',0),(6008,'0001462','朱升平',0),(6009,'0000931','朱涛',0),(6010,'0001054','朱湘军',0),(6011,'0001866','朱小渊',0),(6012,'WP00127','朱晓燕',0),(6013,'WP00055','祝佳',0),(6014,'0001844','祝宪民',0),(6015,'0000461','庄小妹',0),(6016,'0001070','庄学敏',0),(6017,'0001153','邹大有',0),(6018,'0001189','邹巧燕',0),(6019,'WP00119','邹少铜',0),(6020,'WP00154','邹时俊',1),(6021,'WP00039','邹治磊',-1);

#
# Structure for table "user"
#

DROP TABLE IF EXISTS `user`;
CREATE TABLE `user` (
  `userid` varchar(20) NOT NULL,
  `real_name` varchar(20) NOT NULL,
  `password` varchar(32) NOT NULL,
  `question` varchar(50) NOT NULL,
  `answer` varchar(50) NOT NULL,
  `sex` varchar(8) NOT NULL DEFAULT '',
  `mobile` varchar(50) NOT NULL,
  `email` varchar(50) NOT NULL,
  `last_login_date` datetime DEFAULT NULL,
  `post_date` datetime NOT NULL,
  `area_id` int(11) NOT NULL DEFAULT '1',
  `areaplus_id` int(11) NOT NULL DEFAULT '1',
  `ak` varchar(40) NOT NULL,
  PRIMARY KEY (`userid`,`ak`)
) ENGINE=MyISAM DEFAULT CHARSET=utf8;

#
# Data for table "user"
#

/*!40000 ALTER TABLE `user` DISABLE KEYS */;
INSERT INTO `user` VALUES ('admin','邹愉欣','666','您初中班主任的名字','1234','男','123','123','2017-08-24 00:00:00','2017-07-05 00:00:00',3,0,''),('dnzyx','null','123456','null','null','null','null','null',NULL,'2017-12-08 00:00:00',0,0,'null'),('lqq','罗棋棋','123','你的生日','1234','女','123456','111111','2017-12-10 00:00:00','2017-07-05 00:00:00',3,0,''),('zhc','赵翰超','123456','null','null','男','null','null',NULL,'2017-11-10 00:00:00',5,0,'');
/*!40000 ALTER TABLE `user` ENABLE KEYS */;
